cats	this morning i was checking the cams for find the cats... https://t.co/f1nkxyzxoe
cats	i think now i'm a bird person. gave up on cats. these tiny wirdos wingy creatures deserve love.  
ps: his name is yâ€¦ https://t.co/jkbubuw82w
cats	ğŸˆ #catsoftwitter
https://t.co/hab4rxhaxd
cats	got my cat food from amazon today! i thank you and my cats thank you. you know who you are â¤ï¸
puppies	"remind me to take mitsuru on a walk.

puppies need their exercise, after all."
cats	#streetpassredux imagine trying to defeat the ghosts using rabbits and cats couldn't be me https://t.co/di7cf776sm
cats	i already have one planned called "hal, it's about cats" i don't even know what that's gonna sound like. we're off to a great start
cats	trying to get back into oil painting but that with two very curious cats around is a whole another thing https://t.co/4wnrsjrz23
cats	i want a cat but i also love my dog soo much ugh why can't chicken get along w cats he doesn't attack them he justâ€¦ https://t.co/sqxhavrbn8
puppies	wish my dog could have puppies
puppies	so, this is cute, but where is the father of those puppies and where's the puppy support money?
cats	one of th damn cats put a dead bird under my bed
cats	american cats: meow 
mexican cats: miau
cats	cats and kittens (cats and kittens) / don't get left behind (get left behind) https://t.co/eilmfpvu1c
kittens	cats and kittens (cats and kittens) / don't get left behind (get left behind) https://t.co/eilmfpvu1c
cats	cats
cats	when i have my own apartment again perhaps i will have moon shelf that ik my cats will knock over
puppies	bulldogs are only cute when theyâ€™re puppies. sorry.
cats	whenever i see my cat getting tangled up with some other  cats  " i've raised a fk whore"
cats	the hell with the house these people are freakin morons they have no dam brains left. if you cats change the wordinâ€¦ https://t.co/dfvj6vjxzn
cats	my cats :) https://t.co/hhtu1gi0fn
cats	christ cats are so fucking good
cats	ğŸˆ #catsoftwitter
https://t.co/syqnkt5hyx
puppies	puppies ğŸ¥º https://t.co/t2efizm8j2
kittens	sign: justice for sick and dying kittens sold as  https://t.co/w7hvd37aax
cats	cats are so wonderfully weird ğŸ˜¸ https://t.co/xrqsajlboe
cats	my mom: how many treats should i give them (my cats)? 
me: one each is fine 
my mom: *gives them eight treats*
cats	do you think indoor cats see wild animals outside and think theyâ€™re homeless
cats	ğŸ˜¼
#cats https://t.co/4ohohdgmra
cats	"you've made your bed, now i will lie in it." ~cats
cats	13. cats
cats	grandÃ­sima hija de puta! #estamierdasejodio #animalrights #cats #animalcruelty
kittens	sign: justice for sick and dying kittens sold as  https://t.co/8ym80c5hjf
cats	everyday my cats wake up and choose violence
cats	whenever i see my cat tangled up with some other  cats  " i've raised a fk whore"
kittens	sign: justice for sick and dying kittens sold as  https://t.co/f3sdvjulg7
cats	it takes a lot to be the worst part of the hit musical sensation cats (2019) but somehow he did it and openly ridicâ€¦ https://t.co/m2v3eoiork
cats	my cats always understand me
cats	taylor to tuohy... the cats are attacking alphabetically! he has options ahead. he kicks it to the centre square...â€¦ https://t.co/ooo9n3ecpc
cats	thinking about all the cats in the world i hope theyre happy
cats	dogs canâ€™t operate mri machines, but cats can
cats	people and cats do not deserve dogs! https://t.co/mlkmgouecv
cats	small thread of my cats because i love them all very much :]
cats	black people don't buy cats, we find them or they find us
puppies	why am i never the one to find puppies or kitties in a box on the side of the road?:?3!;?!2â€™d ğŸ˜ª
kittens	sign: justice for sick and dying kittens sold as  https://t.co/ei3nz8mtpm
kittens	if you see me in tears petting the kittens at petsmart.. mind ur own business... its therapy
cats	gosh, its raining cats n dogs today! ...or however the ribelles like to say it lol
cats	your cats adorable
cats	musical hell 100th episode special: cats https://t.co/9cpcm9pukp
cats	important: fda recalls dog &amp; cat food over life-threatening levels of toxin

#dogs #cats 

https://t.co/fpnzwoagdc
cats	like me likes his cats - giant pussies
cats	or any cuddly cat really. my other two cats are disappointments solely because they donâ€™t like to be picked up or babied &gt;:(
cats	[ stigmabase aunz ] former geelong cats star matthew stokes' business seeker global helping indigenous youth https://t.co/z8s9rkg4pl
kittens	sign: justice for sick and dying kittens sold as  https://t.co/c78rsmliyo
puppies	anyone know where i can get some #puppies for first time dog owners in #durbannorth? #pets #031 #durban #dogs
cats	like he likes his cats - giant pussies
cats	a bot that rts cat pics retweeted my cats im done i can die in peace
cats	leave willie alone! #cats #imadogperson #nextdoor https://t.co/rpogvh7vvn
puppies	wow some great news. ch tarraray mazakeen has been confirmed with 11 puppies to ch xanova balck jack (imp uk). exprâ€¦ https://t.co/0v9s8cezlw
cats	yeah, weâ€™re cats. we sit on things and glare at you. what. https://t.co/zcyzyxkmyv
cats	i want cats please.
cats	cats ğŸ˜‚  https://t.co/k7wkx9hspt
cats	i was today years old when i found out cats shed whiskers https://t.co/mtgj1q1gcx
cats	umbrellas out itâ€™s raining cats n dogs &amp; bricks!
cats	studio cats! 
#voiceover #vo #homestudio #catsoftwitter https://t.co/mw4hb7ocet
cats	sometimes i wonder if the cats movie was the curse that set off 2020. i mean it came out at the very end of 2019 anâ€¦ https://t.co/sgdqkwrhnd
cats	cats be like: i can do that suit shit too https://t.co/irbicazcbh
puppies	https://t.co/2w0j5hhwrr letâ€™s here from sellers about puppy farming #puppies #bbtvi #puppyfarm #breeder #animals #doglife #dogstagram
kittens	does anyone know any kittens up for adoption
cats	yes.all my cats are strays and they are loving and forever grateful. very easy to train. just put them in the litteâ€¦ https://t.co/cnfvix5xcl
cats	my favorite cats https://t.co/suftytxpxd
cats	still hoping i'll have my own cottage filled with cats when i get older
cats	&gt;&gt; &gt;many
cats utterlyÂ despise the
fbi, andÂ some contribute to free software based on that feeling.
cats	thousands of dogs and cats in thailand are in desperate need of your help. #soidogfoundation https://t.co/qihwuccuu6
cats	time spent with #cats is never wasted. #photobook on ibooks, ipad
#learn about cats and recognize them around us 
https://t.co/wai2zlla1b
cats	/ cats

her meow is so weird https://t.co/ok6zixk6yi
cats	#vegan #animals #yoga #ahimsa #vegetarian #plantbased #yogicdiet #animalrights #dogs #cows #pigs #cats #fish ğŸ·ğŸ®ğŸ¶ğŸ”ğŸ ğŸŸ https://t.co/gh8iqaw887
cats	one day my cats will be so spoiled ğŸ¥º ğŸ¥º when i take kiri with me shes gonna have one of those fancy on the wall cat jungle gyms
cats	"i imagined one thousand cats running around in a moving truck, with the cat lady driving."

sad but hopeful in a sâ€¦ https://t.co/wkkspungol
cats	cats really sleep 90% of their life away
puppies	i knew it from the very start that moo is a strong boy. out of 5 puppies, siya lang natira. still recovering and onâ€¦ https://t.co/u6lkh4dyy8
cats	only stupid people pay for the same thing twice https://t.co/enlbjmyjng your hard earned cash lands in fat cats' poâ€¦ https://t.co/ldlgrofsfq
cats	cat painting - cat closeup head acrylic original pet animal portrait wall art https://t.co/scqpdvrmc0 #catsâ€¦ https://t.co/cckshlhdvd
cats	riogoo pet heating pad, electric heating pad for dogs and cats indoor warming mat with auto power off 18â€³ x 18â€³â€¦ https://t.co/ncvtxoiobx
cats	itâ€™s heartbreaking seeing all those cats ğŸ˜­ğŸ˜­ğŸ˜­ğŸ˜­
cats	minecraft cats irl
cats	petting cats is my jam 

#cyberpunk2077 #twitchstreamers #gaming #twitch #letsplay #supportsmallstreamers 

https://t.co/xpnchxcogw
kittens	huh, iâ€™d no idea candy kittens was jamie laingâ€™s company. they are good sweets.
puppies	iâ€™m gonna need everyone with their cute ass fluffy puppies to stop posting photos until my dogâ€™s awful haircut growâ€¦ https://t.co/pfdnoe1vhb
cats	guys i love my cat so much wow ğŸ¥º for all the brown kids who arenâ€™t allowed to get cats lol sorry your life sucks ğŸ˜‚
cats	#vegan #animals #yoga #ahimsa #vegetarian #plantbased #yogicdiet #animalrights #dogs #cows #pigs #cats #fish ğŸ·ğŸ®ğŸ¶ğŸ”ğŸ ğŸŸ https://t.co/kalfnjrbmo
cats	maybe my roommate was right and it will be alot of cats.

day 5 of 365

#cat #picoftheday #pictureofthedayâ€¦ https://t.co/zpla1kxnfm
cats	iâ€™ve decided that iâ€™m gonna stop being allergic to cats
cats	iâ€™d swear that there is a secondary brain in catâ€™s ğŸˆâ€â¬› tails! #cats #tortoiseshellcats https://t.co/nlffsvldnn
cats	went on nextdoor to repost a picture of bailey... too many missing cats ğŸ˜­ https://t.co/j5mpyhtsrf
cats	bum cats &amp; hood rats they out here yâ€™all be careful
cats	https://t.co/2m1sl4ddz9  #cats  #cute  #lost  #help
cats	it bears repeating: for every one bird a utility-scale solar installation kills in the us, cats kill &gt;10,000. mitigâ€¦ https://t.co/iry37wmkma
cats	why is that not a surprise?!  

the poor get poorer and the fat cats on k codes get fatter. it is not just billionaâ€¦ https://t.co/lppzdxyqmb
cats	credits to gary ellis at https://t.co/iitengm8va #cat #cats #cattwitter #gato #gatos #cute https://t.co/kqpljdrpiv
cats	sorry to say it but this is warrior cats. everything in my life leads back to warrior cats
cats	cats are defo spiritual animals :'
cats	i love my cats but them knocking my can over has made me think about rehoming them
cats	this is shadow.  he doesn't play much but when he does .... he goes for it!  #playtime #blackcats #catsâ€¦ https://t.co/5jt3udqxhv
cats	on the other hand red covers up the black and red cats will always be tabbies some just might have very low contrasâ€¦ https://t.co/e0ugceo0nv
cats	the wildcats boys basketball team travels to miamisburg tonight to face the vikings.
the game will live-streamed byâ€¦ https://t.co/pqzjwzverg
cats	glad to learn that, despite earlierâ€™s curries paws fiasco, treats are inbound... ğŸ˜»ğŸ˜» #catsoftwitter #cats https://t.co/xbc6pgf4dn
cats	/ cats

prety shes so prety https://t.co/4mpopijicc
kittens	lore: about to happen
me and maeve: watching a stream of kittens
cats	anything helps!

i'm especially in need of cat food and litter right now. it goes super quick with 5 cats &amp; 4 litteâ€¦ https://t.co/czt0okyqhe
cats	i have done my time rescuing cats and dogs. 
what if spay/neuter programs were covered in the govâ€™t budget. no finaâ€¦ https://t.co/fmm07ffjvh
cats	fat cats are just ğŸ¥ºğŸ¥ºâ¤â¤ğŸ˜ğŸ˜
cats	cat pages: you should get one litter box per cat, they don't like sharing!

my cats: *squeezed into the box at the same time*

me: .....
cats	i love all my cats on neko atsume that have personalities like â€œspaceyâ€ and â€œforgetfulâ€. apple dont fall from the tree.
cats	started reading about cats needs and now i need to buy some expensive things so my cat can live better
cats	luna and artemis as lisaâ€™s cats (i couldnâ€™t find a black cat sorry ğŸ˜¢) https://t.co/jenlhj0kzg
puppies	trudeau has not got enough vaccine  for the provinces to use ....

this man could kill puppies and you would say heâ€¦ https://t.co/g91brzvham
cats	â–‚â–‚â–‚â–‚â–‚â–‚â–‚â–‚â–‚â–‚â–‚â–‚â–‚â–‚
#ğŸ†ğŸ…ºğŸ…² - radio kaos caribou

â­â­ 2020 #top925 â­â­

part 11 | ma - mo

ğŸ”Š mcginley and cats - the entombedâ€¦ https://t.co/3fhecobp3p
cats	i changed the bowl from a standard to a shallow one.

i read tust it happens with old cats their whiskers get moreâ€¦ https://t.co/enfsekgz5l
kittens	peppa is looking for 1000 likes !!ğŸ˜¹ğŸ’—ğŸ¾
please rt to reach this little cuteness's goalğŸ¥³ğŸ¥³
#kittensoftwitterâ€¦ https://t.co/zg69strbl5
cats	one of the cats chewed a hole in the blanket my grandma workman made me that i have had for 22 years without so mucâ€¦ https://t.co/uxg1ajodqi
kittens	they are small kittens that need to be protected and fed ;;
#ì—˜ë¼ìŠ¤íŠ¸ #elast https://t.co/zhoxfb3hxu
cats	even stray cats have more sensitivity and humanity than dutch people during a global pandemic. now i said it.
cats	apollo ğŸ¤ me being their best cheerleader and fan ğŸ¤ them showing me their dogs and cats
cats	cats
cats	me whenever i see a random cat: "this is the best cat in the history of cats."
cats	me: makes a joke abt my dog catching a mouse
some nobody peanuthead on facebook: ok but cats are better bc they wonâ€¦ https://t.co/ucpbljetfc
cats	this year has definitely been...different. spending half of my bday alone is uhhhh very depressing lmao. even my cats are hiding.
cats	a lot of people think that cats work on their own agenda, not paying much attention to their owner â€“ provided theyâ€¦ https://t.co/wotasd1yu1
cats	"those fat cats at city hall, who don't realise the need for feng shui classes at junior school level."
cats	i miss hanging out with cats, also people.
cats	14 cozy mysteries with...
for humor, mystery, romance! pick up...

more cats , cupcakes and killersâ€¦ https://t.co/6jspmvwfuy
cats	my friendâ€™s daughter needle felted me little models of my cats...
yes: i have talented friends.
she even made themâ€¦ https://t.co/8k08yiotca
cats	i am legally required to post these if they come across my timeline and feature cats https://t.co/a5efyaxzwe
cats	my bossâ€™s son hopped onto our teams video call, saw the decor in my office and said â€œso much catsâ€ ğŸ¤£ğŸ±ğŸ˜…
cats	all having cats means is you will constantly be lint rolling your couch. i canâ€™t stop. must get every piece of fur
cats	cats fucking  sia.
cats	cats.
cats	in a lot of places and cultures black cats are seen as a symbol of good luck and prosperity so the fact that ppl thâ€¦ https://t.co/pwrzndsoro
cats	i had technos stream on the tv and when he stafted talking it scared my cats akdhajsjsj
cats	1/3 today i'm writing and...
cats: start fighting. 
me getting up from desk: hey! stop it! what is wrong with you?â€¦ https://t.co/7z01yucug4
cats	cats ğŸˆ ğŸˆâ€â¬›ğŸˆğŸˆâ€â¬›ğŸˆğŸˆâ€â¬›ğŸˆğŸˆâ€â¬›ğŸˆğŸˆâ€â¬› social distanting ğŸ˜¹ğŸ˜»ğŸ˜¹ğŸ˜¸ğŸ˜»ğŸ˜¹ğŸ˜ºğŸ˜»ğŸ˜¹ğŸ˜¸ğŸ˜»ğŸ˜¹ğŸ˜ºğŸ˜» i want to turn into a cat â£ï¸ğŸ˜»â£ï¸ğŸ­ğŸ‘½ğŸ–¤ https://t.co/xfepz1zhi7
cats	2/3 me: move them off the desk &amp; try to figure out where i was in the story. 
cats: one settles on a blanket on theâ€¦ https://t.co/0utvhdrau3
cats	3/3 cats: one on a blanket, one back on the desk trying to take things out of a drawer...
me: sigh. bangs head agaiâ€¦ https://t.co/edkid8gua9
cats	soon ass you walk in that hoe you see cats not just 1 multiple
cats	estoy viendo don't fuck with cats https://t.co/hz4hoystak
cats	she damn well knows about my struggles with animal death and how many times ive almost lost or even lost the cats tâ€¦ https://t.co/g5xkdq8nxm
cats	/ cats https://t.co/q2iizl8giz
cats	baby persephone sleepy beans. ğŸ˜ #cats #catsoftwitter #catlovers #kitty #kitten #kittens #cat https://t.co/crhpuzbjtl
kittens	baby persephone sleepy beans. ğŸ˜ #cats #catsoftwitter #catlovers #kitty #kitten #kittens #cat https://t.co/crhpuzbjtl
cats	funfact: corson is actually an extremely rare type of cat.

since calico cats are usually female. less than %0.1 of them are male
cats	cats are the most hilarious beings on this planet
cats	he greets me every time i come home. #catsoftwitter #cats https://t.co/x5vvtyz0jt
cats	my cats donâ€™t like eating from the food bowel. i put some food on the steps for them and they eat like theyâ€™re at aâ€¦ https://t.co/vruxdam4xy
